{"21": [0.33662885910110996, 0.42609328561897253, 0.44313701704373143, 0.45508582519560864, 0.43907320919512344, 0.4346454782555953], "22": [0.4909929034997271, 0.5530417905016073, 0.546127251774125, 0.5712379450476133, 0.558925213804816, 0.5806999454115364], "23": [0.5820949839267302, 0.6087220234123856, 0.6190331776551222, 0.6226117547158367, 0.6308606781100261, 0.6217626008370231], "24": [0.6257051009886577, 0.658943409959362, 0.6348638321101474, 0.6331048705040335, 0.6411718323527628, 0.6389276399587553], "25": [0.6492387942014921, 0.687572026445078, 0.6810214108085157, 0.6909686419603324, 0.6941226420816401, 0.6974586037484078], "26": [0.6648268332625705, 0.7017650269909625, 0.6855704494450173, 0.6962455267786741, 0.709225450354825, 0.7100139503851519], "27": [0.6587007945654152, 0.700733911566689, 0.6893916418996785, 0.6934554497482865, 0.701097834657609, 0.7014617577485291], "28": [0.713289258203433, 0.7380360283860011, 0.730514951173652, 0.727603566446291, 0.7439801055376963, 0.7445259901740765], "29": [0.7042518347789167, 0.7311214896585189, 0.7299690665372718, 0.736883605264754, 0.7380966822344878, 0.7406441438709286], "30": [0.7230545278097895, 0.757991144538121, 0.7547158367198399, 0.758355067629041, 0.7600533753866683, 0.7639352216898162], "31": [0.726451143325044, 0.7646024140231698, 0.7570813368108207, 0.7593255292048281, 0.7676957602959907, 0.7726087220234124], "32": [0.7431309516588828, 0.7679383756899375, 0.7659367986898769, 0.7567780675683872, 0.7561715290835204, 0.7579304906896343], "33": [0.7374294899011342, 0.7671498756596106, 0.7671498756596106, 0.7627221447200825, 0.7710317219627585, 0.7741250682355796], "34": [0.7466488748711105, 0.7770971068114272, 0.7720628373870322, 0.7741857220840662, 0.7802511069327349, 0.7813428762054953], "35": [0.7353672590525869, 0.7668466064171772, 0.7619336446897556, 0.7681203372353976, 0.7774610299023473, 0.779826529993328], "36": [0.7539879905379996, 0.7745496451749864, 0.7756414144477467, 0.776551222175047, 0.7849821071146964, 0.7840116455389095], "37": [0.7564747983259538, 0.782737914720689, 0.7729726451143325, 0.7779462606902408, 0.7847394917207496, 0.786801722569297], "38": [0.746952144113544, 0.7838296839934494, 0.7799478376903014, 0.7873476072056772, 0.7953539152059198, 0.7967489537211137], "39": [0.766118760235337, 0.7946867228725663, 0.7960211075392734, 0.7912901073573119, 0.802086492387942, 0.8033602232061624], "40": [0.7681809910838843, 0.7982046460847941, 0.8014193000545885, 0.7981439922363074, 0.7973554922059805, 0.7983866076302542], "41": [0.7715776065991388, 0.8066355310244435, 0.8087584157214776, 0.8085764541760174, 0.8126402620246255, 0.8156123006004731], "42": [0.776369260629587, 0.8018438769939953, 0.7988718384181477, 0.805361800206223, 0.8097895311457513, 0.8045126463274095], "43": [0.7789167222660278, 0.7985079153272275, 0.797840722993874, 0.7977194152969006, 0.8072420695093103, 0.8062716079335234], "44": [0.7881967610844908, 0.8179778006914539, 0.819312185358161, 0.8177351852975071, 0.8200400315400013, 0.8198580699945411], "45": [0.7897737611451446, 0.814277915933766, 0.8134287620549524, 0.8149451082671195, 0.8157336082974465, 0.8177958391459939], "46": [0.7887426457208709, 0.8117304542973252, 0.8101534542366713, 0.8139746466913326, 0.8180991083884273, 0.8170073391156669], "47": [0.7792199915084612, 0.8045733001758961, 0.8074846849032571, 0.808273184933584, 0.8135500697519258, 0.8176138776005337], "48": [0.7874082610541638, 0.8104567234791048, 0.8116091466003518, 0.8122156850852187, 0.8188269545702674, 0.8174319160550737]}