{"21": [0.33662885910110996, 0.42609328561897253, 0.44313701704373143, 0.45508582519560864, 0.43907320919512344, 0.4346454782555953], "22": [0.4909929034997271, 0.5530417905016073, 0.546127251774125, 0.5712379450476133, 0.558925213804816, 0.5806999454115364], "23": [0.5820949839267302, 0.6087220234123856, 0.6190331776551222, 0.6226117547158367, 0.6308606781100261, 0.6217626008370231], "24": [0.6257051009886577, 0.658943409959362, 0.6348638321101474, 0.6331048705040335, 0.6411718323527628, 0.6389276399587553], "25": [0.6492387942014921, 0.687572026445078, 0.6810214108085157, 0.6909686419603324, 0.6941226420816401, 0.6974586037484078], "26": [0.6648268332625705, 0.7017650269909625, 0.6855704494450173, 0.6962455267786741, 0.709225450354825, 0.7100139503851519], "27": [0.6587007945654152, 0.700733911566689, 0.6893916418996785, 0.6934554497482865, 0.701097834657609, 0.7014617577485291], "28": [0.713289258203433, 0.7380360283860011, 0.730514951173652, 0.727603566446291, 0.7439801055376963, 0.7445259901740765], "29": [0.7042518347789167, 0.7311214896585189, 0.7299690665372718, 0.736883605264754, 0.7380966822344878, 0.7406441438709286]}